age,income_section,state,nuts2,education,children,job_field_maingroup,religion,religion_practice,migration_b_germany,migration_b_country,migration_s_germany,migration_s_country,migration_region,climate_flood_affect,unemployment_rate,patent,job_Fulltime,job_Lehre,job_Other,job_Parttime,job_Pensioner,job_Selfemployed,job_Student (Uni),"job_Unemployed, job seeking","job_Unemployed, not job seeking",marital_status_Divorced,marital_status_Married,marital_status_Umarried,marital_status_Widowed,gender_Female,gender_Male
-0.033587625971823104,-0.005845717400905476,-0.006570231033006857,-0.006570231033006593,-0.008625627950655357,0.10167382306715778,-0.03321481982413016,-0.007671854057453062,0.023456727951533085,0.0,0.0,0.0,0.0,-0.035571465337980876,0.16257845742250232,-0.009028066819389918,0.01285242121829376,0.12834124318286064,-0.005025263331630961,-0.005481365896998117,0.018084105700407305,-0.06589768721021459,0.004830816181282532,-0.013807877844275784,-0.005183188376455677,0.0027216322388858155,0.028866808398280014,-0.057847343384400896,0.058462167128122605,-0.0013678959271421487,-0.0959722346785101,-0.05091191192814845
-0.0037466947036683546,-0.024113584278735445,-0.006570231033006843,-0.006570231033006552,-0.008625627950655357,0.10167382306715753,0.010953823559021567,0.0365888424278531,-0.016985906447662277,0.0,0.0,0.0,0.0,-0.03613658513046625,-0.0369043113588086,-0.009028066819390015,0.012852421218293733,-0.20939887045624633,-0.005025263331630878,-0.005481365896998103,0.018084105700407083,0.028241865947234907,0.004830816181282532,-0.013807877844275951,-0.005183188376455594,0.0027216322388858016,0.028866808398279833,-0.05784734338440131,0.05846216712812259,-0.001367895927142121,0.07852273746423556,0.041655200668484896
0.024436407049589964,-0.13372078554571507,-0.006570231033006788,-0.006570231033006635,-0.008625627950655482,-0.10779006577801226,0.01095382355902226,-0.00767185405745302,0.023456727951533307,0.0,0.0,0.0,0.0,-0.037141242539327865,0.06283706598999177,-0.009028066819390015,0.012852421218293927,0.12834124318286078,0.2462379032499139,-0.005481365896998269,0.01808410570040722,0.028241865947234712,0.004830816181282449,-0.013807877844275923,-0.00518318837645565,0.0027216322388857184,0.02886680839828,0.0602084594409083,-0.1242321051472594,-0.001367895927142232,0.0785227374642355,0.041655200668484896
0.03935687268366653,0.0672257501104149,0.2124374700672208,0.2124374700672117,0.08721468261218474,-0.10779006577801244,-0.006713633794238769,-0.007671854057453145,0.023456727951533002,0.0,0.0,0.0,0.0,0.026277756395122018,-0.036904311358808284,0.29190749382694353,-0.4155616193914976,0.12834124318286041,-0.005025263331631044,-0.005481365896998033,-0.08829298665492957,0.028241865947235156,0.004830816181282546,-0.013807877844275812,-0.00518318837645565,0.002721632238885774,0.02886680839827993,-0.05784734338440088,0.05846216712812323,-0.001367895927142121,0.07852273746423584,0.04165520066848509
-0.015351501307950752,0.08549361698824391,-0.006570231033006857,-0.0065702310330064545,-0.008625627950655718,-0.0030581213554275732,0.019787552235652026,0.036588842427853235,-0.05742854084685743,0.0,0.0,0.0,0.0,0.026277756395121712,-0.03690431135880867,-0.009028066819390015,0.012852421218293705,-0.20939887045624644,-0.005025263331630822,-0.005481365896998144,0.01808410570040729,0.028241865947234726,0.004830816181282491,-0.013807877844275937,-0.005183188376455566,0.0027216322388857184,0.028866808398280056,-0.05784734338440127,0.05846216712812234,-0.0013678959271421348,0.07852273746423548,0.04165520066848462
0.041014702198563846,0.03069001635475456,-0.006570231033006815,-0.0065702310330064545,-0.008625627950655648,-0.03464770566239557,0.028621280912282637,0.03658884242785265,-0.05742854084685704,0.0,0.0,0.0,0.0,0.0262777563951216,-0.036904311358808645,-0.009028066819389918,0.012852421218293705,-0.20939887045624575,-0.00502526333163085,-0.005481365896998172,0.018084105700407374,0.02824186594723488,0.004830816181282324,-0.013807877844275923,-0.005183188376455622,0.00272163223888576,-0.16357858092358651,0.06020845944090748,0.05846216712812251,-0.0013678959271421764,-0.09597223467851027,-0.05091191192814787
0.04433036122835915,-0.20679225305703522,-0.006570231033006857,-0.0065702310330065655,0.08721468261218374,-0.029882313922567044,-0.04204854850076106,0.036588842427853596,0.023456727951533057,0.0,0.0,0.0,0.0,-0.03695286927516708,-0.03690431135880862,-0.009028066819389988,0.012852421218293705,0.1283412431828606,-0.0050252633316310025,-0.0054813658969982,0.018084105700407097,0.028241865947234684,0.004830816181282546,0.6765860143695189,-0.005183188376455719,0.0027216322388858155,0.02886680839828007,0.06020845944090726,-0.12423210514726096,-0.001367895927142121,-0.0959722346785101,-0.050911911928148035
0.022778577534691563,0.08549361698824381,-0.006570231033006746,-0.006570231033006593,0.08721468261218378,-0.10779006577801231,0.04628873826554285,-0.007671854057453131,0.02345672795153335,0.0,0.0,0.0,0.0,-0.03704705590724784,-0.0369043113588087,-0.009028066819390015,0.012852421218293789,-0.20939887045624633,-0.005025263331630878,-0.005481365896998158,0.018084105700407194,0.028241865947234823,0.004830816181282421,-0.013807877844275979,-0.005183188376455677,0.0027216322388857322,0.02886680839827993,-0.057847343384401714,0.05846216712812263,-0.0013678959271421348,0.0785227374642353,0.04165520066848498
-0.007062353733463381,0.04895788323258429,-0.00657023103300676,-0.006570231033006482,-0.10446593851349463,-0.10779006577801216,0.019787552235652373,-0.0076718540574531174,0.0234567279515331,0.0,0.0,0.0,0.0,0.0262777563951217,-0.036904311358808534,-0.009028066819389988,0.012852421218293886,-0.20939887045624575,-0.0050252633316308915,-0.005481365896998186,0.018084105700407527,0.02824186594723481,0.004830816181282546,-0.01380787784427584,-0.005183188376455705,0.0027216322388856767,-0.1635785809235864,0.060208459440907594,0.05846216712812308,-0.0013678959271421764,0.07852273746423535,0.04165520066848519
-0.04021894403141331,0.06722575011041472,-0.006570231033006926,-0.006570231033006635,0.08721468261218375,-0.003058121355427254,-0.006713633794238713,-0.007671854057453062,0.023456727951533154,0.0,0.0,0.0,0.0,-0.03478657673730651,-0.036904311358808534,-0.009028066819390002,0.01285242121829372,0.12834124318286028,-0.005025263331630905,-0.005481365896998228,0.018084105700407263,-0.06589768721021515,0.004830816181282449,-0.01380787784427591,-0.00518318837645558,0.002721632238885746,0.028866808398280167,-0.057847343384400576,0.05846216712812265,-0.0013678959271421903,-0.0959722346785097,-0.05091191192814773
-0.0037466947036682713,-0.07891718491222476,-0.006570231033006746,-0.006570231033006621,-0.008625627950655593,-0.003058121355427615,-0.02438109114749977,-0.007671854057453173,0.023456727951533474,0.0,0.0,0.0,0.0,0.0262777563951217,-0.03690431135880862,-0.009028066819389918,0.012852421218293816,0.12834124318286083,-0.005025263331630864,0.17723083066960807,0.018084105700407346,0.028241865947234907,0.004830816181282546,-0.01380787784427591,-0.00518318837645565,0.002721632238885746,0.02886680839828036,-0.0578473433844012,0.05846216712812308,-0.0013678959271421764,0.078522737464236,0.041655200668485035
0.009515941415511653,0.06722575011041389,-0.006570231033006843,-0.006570231033006496,0.08721468261218401,-0.10779006577801244,0.046288738265542945,-0.0076718540574532285,0.023456727951533057,0.0,0.0,0.0,0.0,-0.03648193611476348,-0.036904311358808464,-0.009028066819389946,0.012852421218293816,-0.2093988704562461,-0.005025263331630905,-0.005481365896998255,0.018084105700407402,0.028241865947234837,0.0048308161812825184,-0.013807877844275868,-0.00518318837645565,0.0027216322388857322,0.028866808398279986,-0.05784734338440116,0.058462167128122564,-0.0013678959271422597,-0.09597223467850957,-0.05091191192814788
-0.0037466947036681325,-0.0789171849122248,-0.00657023103300669,-0.006570231033006468,-0.008625627950655745,-0.003058121355427587,-0.02438109114749963,-0.007671854057453201,0.02345672795153321,0.0,0.0,0.0,0.0,0.026277756395121643,-0.03690431135880859,-0.009028066819389974,0.012852421218293983,0.12834124318286036,-0.005025263331630989,0.1772308306696093,0.01808410570040718,0.02824186594723456,0.004830816181282532,-0.013807877844275951,-0.005183188376455566,0.0027216322388857184,0.02886680839828004,-0.05784734338440084,0.058462167128123146,-0.0013678959271422597,0.0785227374642357,0.04165520066848509
0.0360412136538715,0.103761483866074,-0.006570231033006774,-0.006570231033006538,0.08721468261218436,-0.0030581213554271153,0.04628873826554321,0.0365888424278531,-0.01698590644766164,0.0,0.0,0.0,0.0,0.02627775639512217,-0.03690431135880852,-0.009028066819390015,0.012852421218293733,-0.20939887045624533,-0.00502526333163085,-0.005481365896998408,0.018084105700407346,0.028241865947235115,0.004830816181282449,-0.013807877844275923,-0.005183188376455677,0.0027216322388858016,0.02886680839828004,-0.05784734338440094,0.058462167128123105,-0.0013678959271423013,-0.0959722346785098,-0.05091191192814799
-0.010378012763258504,0.06722575011041423,-0.006570231033006746,-0.0065702310330065655,0.08721468261218407,-0.1077900657780129,0.046288738265543125,0.021835276932751432,-0.17875644404444235,0.0,0.0,0.0,0.0,-0.03682728709905965,-0.03690431135880862,-0.009028066819389946,0.012852421218293678,-0.20939887045624633,-0.005025263331630878,-0.005481365896998228,0.018084105700407332,0.02824186594723467,0.004830816181282602,-0.013807877844275895,-0.005183188376455594,0.0027216322388857045,0.028866808398279833,-0.05784734338440109,0.0584621671281227,-0.0013678959271421903,-0.09597223467850957,-0.05091191192814781
-0.03358762597182324,-0.005845717400905295,-0.006570231033006774,-0.006570231033006579,-0.008625627950655634,-0.0030581213554275177,-0.04204854850076058,-0.007671854057453159,0.023456727951533224,0.0,0.0,0.0,0.0,-0.03503774108952283,-0.03690431135880852,-0.009028066819390015,0.012852421218293872,0.12834124318286036,-0.005025263331630836,-0.0054813658969982,0.018084105700407443,-0.06589768721021458,0.004830816181282435,-0.013807877844275923,-0.005183188376455636,0.00272163223888576,0.028866808398280097,-0.05784734338440131,0.058462167128122744,-0.0013678959271423152,-0.09597223467851046,-0.050911911928148285
-0.04353460306120817,0.030690016354754476,-0.006570231033006815,-0.0065702310330064545,0.08721468261218387,-0.003058121355427282,-0.00671363379423906,-0.007671854057453215,0.02345672795153339,0.0,0.0,0.0,0.0,-0.03478657673730719,-0.036904311358808714,-0.009028066819390085,0.012852421218293691,0.12834124318286058,-0.00502526333163085,-0.0054813658969982,0.018084105700407166,-0.0658976872102147,0.0048308161812825046,-0.013807877844275951,-0.005183188376455677,0.0027216322388857322,0.028866808398280125,-0.05784734338440092,0.05846216712812263,-0.0013678959271422458,-0.09597223467851017,-0.05091191192814838
-0.036903285001618075,0.06722575011041484,-0.0065702310330068014,-0.006570231033006538,-0.008625627950655246,-0.10779006577801238,-0.04204854850075994,-0.007671854057453076,0.023456727951533057,0.0,0.0,0.0,0.0,0.02627775639512192,-0.03690431135880859,-0.009028066819389932,0.012852421218293747,0.1283412431828609,-0.005025263331631072,-0.005481365896998075,0.018084105700407402,-0.0658976872102146,0.004830816181282407,-0.013807877844275993,-0.005183188376455775,0.0027216322388858155,0.02886680839827993,0.06020845944090811,0.058462167128123646,0.13542169678707702,0.07852273746423565,0.0416552006684852
-0.012035842278155712,-0.11545291866788497,-0.006570231033006732,-0.006570231033006496,-0.008625627950655426,-0.0015354371164578717,-0.04204854850076041,0.03658884242785333,-0.05742854084685717,0.0,0.0,0.0,0.0,-0.03707845145127478,-0.036904311358808464,-0.009028066819389974,0.012852421218293608,0.1283412431828606,-0.005025263331630808,-0.005481365896998255,0.018084105700407374,-0.06589768721021487,0.004830816181282449,-0.013807877844275937,-0.005183188376455622,0.0027216322388858294,-0.163578580923586,0.060208459440907344,0.05846216712812269,-0.001367895927142218,-0.09597223467850982,-0.05091191192814806
-0.030271966942028286,-0.09718505179005564,-0.0065702310330068014,-0.00657023103300651,0.08721468261218349,-0.0030581213554276843,0.04628873826554272,-0.007671854057453215,-0.016985906447661986,0.0,0.0,0.0,0.0,-0.036984264819194534,-0.036904311358808575,-0.009028066819390015,0.012852421218293844,0.12834124318286022,-0.005025263331630961,-0.0054813658969982415,0.01808410570040736,-0.0658976872102147,0.004830816181282407,-0.01380787784427591,-0.005183188376455622,0.0027216322388857322,-0.16357858092358615,0.060208459440907136,0.05846216712812248,-0.001367895927142218,0.0785227374642354,0.04165520066848456
-0.01866716033774561,0.10376148386607438,-0.006570231033006857,-0.006570231033006482,0.08721468261218386,-0.10779006577801264,-0.00671363379423881,-0.007671854057452909,0.0234567279515331,0.0,0.0,0.0,0.0,0.0262777563951217,-0.03690431135880841,-0.009028066819389904,0.01285242121829383,-0.20939887045624606,-0.005025263331631016,-0.005481365896998255,0.018084105700407208,0.028241865947234893,0.004830816181282463,-0.013807877844275881,-0.005183188376455691,0.002721632238885774,0.028866808398279986,0.0602084594409073,-0.12423210514726105,-0.0013678959271422042,-0.09597223467850961,-0.050911911928147896
-0.04187677354631052,-0.09718505179005589,-0.006570231033006663,-0.006570231033006538,0.087214682612184,-0.0030581213554275594,-0.04204854850076113,-0.0076718540574531174,0.02345672795153303,0.0,0.0,0.0,0.0,0.02627775639512149,-0.03690431135880859,-0.009028066819390043,0.012852421218293775,0.12834124318286022,-0.005025263331630933,-0.005481365896998006,0.018084105700407194,-0.06589768721021463,0.004830816181282532,-0.013807877844275923,-0.0051831883764556635,0.0027216322388857184,0.028866808398279847,-0.057847343384401506,0.05846216712812238,-0.0013678959271421348,0.07852273746423548,0.041655200668485104
-0.023640648882438164,0.06722575011041436,-0.0065702310330068014,-0.0065702310330064545,0.08721468261218362,-0.003058121355427393,0.04628873826554293,-0.0076718540574534505,0.023456727951533196,0.0,0.0,0.0,0.0,-0.03582262969019677,-0.03690431135880859,-0.009028066819390015,0.012852421218293733,0.12834124318286064,-0.005025263331630947,-0.005481365896998089,0.018084105700407277,-0.06589768721021474,0.004830816181282421,-0.013807877844275951,-0.00518318837645558,0.002721632238885774,0.028866808398279972,-0.05784734338440091,0.058462167128122494,-0.0013678959271421903,0.07852273746423563,0.04165520066848476
0.01117377093040886,0.08549361698824405,-0.0065702310330068014,-0.006570231033006538,-0.008625627950655981,-0.003058121355427615,0.010953823559021483,-0.0076718540574532285,0.023456727951533085,0.0,0.0,0.0,0.0,-0.036827287099060455,-0.036904311358808575,-0.009028066819389988,0.012852421218293816,-0.20939887045624594,-0.005025263331630864,-0.005481365896998283,0.018084105700407208,0.0282418659472347,0.004830816181282532,-0.013807877844275868,-0.005183188376455566,0.002721632238885663,0.02886680839827986,-0.05784734338440119,0.05846216712812266,-0.0013678959271421764,0.0785227374642352,0.04165520066848474
0.014489429960204317,0.06722575011041423,-0.006570231033006746,-0.006570231033006524,-0.1044659385134948,-0.003058121355427393,-0.04204854850076106,-0.007671854057453326,0.023456727951533432,0.0,0.0,0.0,0.0,0.0262777563951217,-0.036904311358808645,-0.009028066819390071,0.012852421218293844,0.1283412431828605,-0.005025263331630905,-0.005481365896998144,-0.08829298665492988,0.028241865947234684,0.004830816181282477,-0.013807877844275923,-0.005183188376455719,0.00272163223888576,0.028866808398280028,0.060208459440907205,-0.12423210514726118,-0.0013678959271422042,0.07852273746423555,0.04165520066848498
-0.04519243257610578,0.030690016354754115,-0.006570231033006815,-0.006570231033006552,0.08721468261218429,0.20640576748974354,-0.04204854850076006,-0.007671854057453145,0.02345672795153303,0.0,0.0,0.0,0.0,0.02627775639512181,-0.03690431135880863,-0.009028066819390043,0.01285242121829383,0.12834124318286072,-0.005025263331630975,-0.005481365896998228,0.018084105700407443,-0.0658976872102146,0.00483081618128256,-0.013807877844275937,-0.0051831883764556635,0.0027216322388857322,0.028866808398279847,-0.05784734338440087,0.05846216712812295,-0.0013678959271421903,-0.09597223467850964,-0.05091191192814755
0.03272555462407635,0.06722575011041475,-0.00657023103300676,-0.006570231033006649,-0.008625627950655482,-0.10779006577801256,0.0197875522356534,-0.007671854057453131,0.023456727951533154,0.0,0.0,0.0,0.0,0.026277756395121615,-0.03690431135880855,-0.009028066819389974,0.012852421218293775,0.12834124318286064,-0.005025263331630808,-0.005481365896998103,-0.0882929866549299,0.0282418659472351,0.004830816181282574,-0.013807877844275951,-0.0051831883764556635,0.002721632238885746,0.028866808398280153,0.06020845944090811,-0.12423210514726046,-0.001367895927142218,0.07852273746423581,0.041655200668484924
0.009515941415511708,0.04895788323258382,0.21243747006722014,0.21243747006721184,-0.10446593851349559,-0.0030581213554277537,0.010953823559021636,-0.007671854057453034,0.02345672795153307,0.0,0.0,0.0,0.0,-0.03575983860214274,-0.03690431135880855,0.29190749382694253,-0.41556161939149827,-0.20939887045624617,-0.005025263331630878,-0.0054813658969982415,0.01808410570040736,0.028241865947234754,0.004830816181282449,-0.013807877844275951,-0.005183188376455594,0.0027216322388857045,0.028866808398279986,-0.057847343384401326,0.05846216712812265,-0.001367895927142232,-0.09597223467850982,-0.050911911928148285
-0.021982819367540637,-0.1337207855457146,-0.0065702310330068014,-0.006570231033006538,-0.20030624907633407,-0.0030581213554272957,-0.04204854850076069,-0.00767185405745309,0.02345672795153321,0.0,0.0,0.0,0.0,0.026277756395121574,-0.03690431135880863,-0.009028066819390043,0.012852421218293733,-0.2093988704562455,-0.005025263331630808,-0.005481365896998186,0.018084105700407443,0.028241865947234795,0.004830816181282574,-0.013807877844275895,-0.005183188376455636,0.0027216322388857184,0.028866808398280014,0.060208459440907386,-0.12423210514726052,-0.0013678959271421487,-0.09597223467850967,-0.050911911928147965
0.02775206607938399,0.06722575011041416,-0.006570231033006788,-0.006570231033006538,-0.29614655963917436,-0.10779006577801296,-0.04204854850076074,-0.007671854057453145,0.0234567279515331,0.0,0.0,0.0,0.0,-0.03629356285060151,0.16257845742250282,-0.009028066819390099,0.012852421218293789,-0.20939887045624628,-0.0050252633316308915,-0.005481365896998269,0.01808410570040722,0.028241865947234726,0.00483081618128256,-0.013807877844275868,-0.005183188376455608,0.002721632238885774,0.02886680839827993,-0.05784734338440116,0.0584621671281228,-0.0013678959271421764,-0.09597223467850996,-0.05091191192814799
0.02112074801979419,-0.02411358427873532,-0.006570231033006829,-0.00657023103300651,-0.008625627950656467,-0.023872610647452414,0.019787552235651942,0.03658884242785308,-0.05742854084685739,0.0,0.0,0.0,0.0,0.026277756395121588,-0.036904311358808534,-0.009028066819390043,0.012852421218293802,-0.20939887045624617,-0.005025263331630961,-0.005481365896998228,0.01808410570040718,0.02824186594723481,0.00483081618128256,-0.013807877844275881,-0.00518318837645565,0.00272163223888576,0.028866808398280097,0.060208459440907275,-0.12423210514726082,-0.001367895927142121,-0.09597223467851006,-0.050911911928148104
-0.003746694703668313,0.030690016354754254,-0.006570231033006788,-0.006570231033006579,0.08721468261218386,-0.0073176644206649905,-0.042048548500760966,-0.00767185405745309,0.02345672795153317,0.0,0.0,0.0,0.0,-0.036324958394628265,-0.036904311358808645,-0.009028066819390071,0.012852421218293733,-0.20939887045624603,-0.005025263331630864,-0.0054813658969982,0.018084105700407457,0.0282418659472347,0.004830816181282463,-0.01380787784427602,-0.005183188376455566,0.002721632238885774,0.028866808398280028,0.06020845944090751,-0.12423210514726098,-0.0013678959271421626,-0.09597223467850961,-0.05091191192814795
0.0509616792879487,0.048957883232584515,-0.006570231033006732,-0.006570231033006538,-0.10446593851349473,-0.039899462402462796,0.01978755223565247,0.03658884242785307,-0.016985906447662208,0.0,0.0,0.0,0.0,0.026277756395121324,-0.036904311358808395,-0.009028066819389918,0.012852421218293858,0.12834124318286047,0.24623790324991432,-0.0054813658969982415,0.01808410570040754,0.028241865947234865,0.00483081618128256,-0.013807877844275923,-0.005183188376455719,0.002721632238885774,0.028866808398279972,0.060208459440907136,-0.12423210514725966,-0.0013678959271422042,0.07852273746423584,0.041655200668484965
-0.030271966942028203,-0.09718505179005518,-0.006570231033006815,-0.006570231033006579,0.08721468261218394,-0.10779006577801213,-0.04204854850076002,-0.007671854057453076,0.023456727951533363,0.0,0.0,0.0,0.0,0.026277756395122184,-0.036904311358808575,-0.009028066819389974,0.01285242121829372,0.12834124318286066,-0.005025263331630864,-0.0054813658969982,0.018084105700407416,-0.06589768721021456,0.004830816181282546,-0.013807877844275937,-0.005183188376455719,0.0027216322388856906,-0.1635785809235864,0.060208459440907955,0.05846216712812287,-0.0013678959271421348,0.07852273746423563,0.04165520066848513
0.0393568726836664,0.06722575011041386,-0.006570231033006829,-0.0065702310330065655,-0.20030624907633465,-0.034623579045687525,0.019787552235652164,-0.007671854057453298,0.02345672795153328,0.0,0.0,0.0,0.0,0.02627775639512167,-0.03690431135880856,-0.009028066819390071,0.01285242121829365,-0.2093988704562457,-0.005025263331630919,-0.0054813658969982415,0.018084105700407305,0.0282418659472347,0.004830816181282435,-0.013807877844275923,-0.0051831883764556635,0.0027216322388857878,0.02886680839827971,0.06020845944090711,-0.124232105147261,-0.0013678959271421903,0.07852273746423516,0.04165520066848488
-0.018667160337745833,-0.024113584278735292,-0.006570231033006815,-0.006570231033006552,-0.008625627950655773,-0.003058121355427254,-0.01554736247086956,-0.007671854057453187,0.02345672795153292,0.0,0.0,0.0,0.0,-0.03538309207381986,-0.036904311358808686,-0.009028066819389932,0.012852421218293802,-0.20939887045624594,-0.0050252633316308915,-0.005481365896998339,0.018084105700407263,0.02824186594723485,0.004830816181282491,-0.013807877844275965,-0.005183188376455622,0.002721632238885774,-0.1635785809235864,0.06020845944090769,0.05846216712812302,-0.0013678959271421487,-0.0959722346785103,-0.05091191192814819
0.022778577534691563,0.08549361698824355,-0.006570231033006871,-0.006570231033006538,-0.008625627950655648,-0.020204543584556117,0.019787552235651817,-0.007671854057453145,0.023456727951533238,0.0,0.0,0.0,0.0,-0.037172638083355816,-0.03690431135880863,-0.009028066819390015,0.012852421218293789,-0.20939887045624628,-0.00502526333163078,-0.005481365896998269,0.018084105700407208,0.028241865947234754,0.0048308161812825184,-0.013807877844275868,-0.005183188376455636,0.002721632238885746,0.02886680839827993,0.06020845944090737,-0.12423210514726148,-0.001367895927142121,0.07852273746423541,0.04165520066848512
0.03769904316876915,0.06722575011041391,-0.006570231033006774,-0.006570231033006621,0.0872146826121839,-0.1077900657780133,0.04628873826554292,-0.007671854057453201,0.02345672795153303,0.0,0.0,0.0,0.0,-0.03710984699530194,-0.036904311358808575,-0.009028066819390002,0.012852421218293678,0.12834124318286028,-0.005025263331630905,0.17723083066960832,0.018084105700407277,0.0282418659472347,0.004830816181282477,-0.013807877844275881,-0.005183188376455705,0.0027216322388858155,0.028866808398279944,-0.05784734338440138,0.05846216712812291,-0.0013678959271421626,0.07852273746423509,0.04165520066848456
0.0028846233559216283,0.08549361698824448,-0.006570231033006774,-0.006570231033006496,-0.008625627950655523,-0.1077900657780121,-0.015547362470869686,-0.007671854057453215,-0.016985906447661986,0.0,0.0,0.0,0.0,-0.03557146533798135,-0.03690431135880856,-0.009028066819389974,0.012852421218293691,-0.209398870456246,-0.005025263331630975,-0.005481365896998089,0.01808410570040718,0.028241865947234657,0.004830816181282546,-0.013807877844275895,-0.005183188376455608,0.00272163223888576,0.028866808398279944,-0.05784734338440094,0.05846216712812248,-0.0013678959271421626,-0.09597223467850967,-0.05091191192814799
0.0327255546240766,0.06722575011041369,-0.006570231033006871,-0.006570231033006552,0.087214682612184,-0.003058121355427837,-0.03321481982413077,0.03658884242785318,-0.01698590644766186,0.0,0.0,0.0,0.0,0.02627775639512142,-0.03690431135880859,-0.009028066819390057,0.01285242121829383,-0.2093988704562465,-0.005025263331630808,-0.005481365896998158,0.018084105700407152,0.028241865947234823,0.004830816181282435,-0.01380787784427591,-0.005183188376455677,0.002721632238885746,0.02886680839827989,0.0602084594409068,-0.12423210514726128,-0.001367895927142218,0.07852273746423495,0.04165520066848473
0.017805088989998885,-0.005845717400905531,-0.00657023103300676,-0.006570231033006607,-0.29614655963917347,-0.10779006577801255,-0.04204854850076066,-0.007671854057452951,0.023456727951533293,0.0,0.0,0.0,0.0,0.026277756395121782,-0.03690431135880859,-0.009028066819390043,0.012852421218293816,-0.20939887045624594,-0.005025263331630822,-0.005481365896998117,0.018084105700407332,0.02824186594723474,0.004830816181282574,-0.013807877844275951,-0.005183188376455636,0.0027216322388858155,0.028866808398280167,0.06020845944090722,-0.12423210514726057,-0.0013678959271421487,0.07852273746423569,0.041655200668485104
-0.03690328500161846,0.06722575011041533,-0.006570231033006746,-0.006570231033006538,0.08721468261218397,0.4158696563349141,-0.04204854850076015,-0.007671854057453242,0.02345672795153303,0.0,0.0,0.0,0.0,-0.035854025234222806,-0.03690431135880842,-0.00902806681938996,0.0128524212182939,0.12834124318286078,-0.005025263331630905,-0.005481365896998283,0.018084105700407402,-0.06589768721021431,0.004830816181282602,-0.013807877844275923,-0.0051831883764556635,0.0027216322388857184,0.02886680839828018,-0.05784734338440087,0.058462167128123146,-0.0013678959271422042,-0.0959722346785101,-0.05091191192814734
0.027752066079384075,-0.005845717400905684,-0.006570231033006774,-0.006570231033006538,-0.2003062490763348,-0.022260880721513082,0.019787552235651873,-0.0076718540574529925,0.023456727951533113,0.0,0.0,0.0,0.0,-0.0361365851304663,0.26231982565831324,-0.009028066819389988,0.012852421218293775,-0.209398870456246,-0.0050252633316308915,-0.005481365896998172,0.018084105700407527,0.028241865947234976,0.004830816181282546,-0.013807877844276048,-0.005183188376455691,0.0027216322388856906,0.028866808398280014,-0.057847343384401326,0.058462167128122605,-0.0013678959271421903,0.07852273746423565,0.04165520066848473
0.012831600445306443,-0.005845717400905753,-0.006570231033006857,-0.006570231033006635,-0.008625627950655496,-0.014377192012802562,0.01978755223565204,0.03658884242785378,0.023456727951533266,0.0,0.0,0.0,0.0,-0.03641914502670851,-0.03690431135880852,-0.009028066819389988,0.012852421218293789,0.12834124318286033,-0.005025263331630864,-0.005481365896998158,0.018084105700406916,0.028241865947234948,-0.15619638986146733,-0.013807877844275923,-0.0051831883764556635,0.0027216322388858294,0.028866808398280014,0.06020845944090712,-0.12423210514726038,-0.0013678959271421903,0.07852273746423559,0.041655200668484854
-0.003746694703668438,0.04895788323258317,-0.0065702310330068014,-0.0065702310330065655,-0.008625627950655967,0.4158696563349136,0.010953823559020748,-0.007671854057453215,0.023456727951532905,0.0,0.0,0.0,0.0,0.026277756395121504,-0.03690431135880852,-0.009028066819389918,0.012852421218293802,-0.20939887045624578,-0.0050252633316308915,-0.005481365896998297,0.018084105700407332,0.028241865947234726,0.004830816181282463,-0.013807877844275965,-0.005183188376455761,0.0027216322388857045,0.028866808398280097,-0.0578473433844021,0.05846216712812252,-0.0013678959271421487,0.07852273746423498,0.04165520066848469
-0.008720183248360908,0.04895788323258432,-0.0065702310330068014,-0.006570231033006579,-0.2003062490763346,0.10167382306715783,0.010953823559021567,0.036588842427852986,-0.057428540846857015,0.0,0.0,0.0,0.0,0.026277756395121574,-0.03690431135880873,-0.009028066819390002,0.012852421218293705,0.12834124318286022,-0.005025263331630836,-0.005481365896998325,-0.08829298665493023,0.028241865947234754,0.004830816181282491,-0.013807877844275951,-0.0051831883764555525,0.00272163223888576,0.028866808398280028,-0.05784734338440152,0.058462167128122314,-0.0013678959271422458,0.07852273746423535,0.041655200668484854
-0.012035842278155212,0.06722575011041515,-0.006570231033006774,-0.006570231033006524,0.08721468261218426,-0.0030581213554274622,-0.04204854850075987,-0.0076718540574529925,0.023456727951533446,0.0,0.0,0.0,0.0,-0.03610518958643889,-0.036904311358808325,-0.009028066819390015,0.012852421218293775,0.12834124318286114,-0.005025263331630905,-0.0054813658969980195,0.01808410570040736,0.028241865947234893,-0.15619638986146758,-0.013807877844275993,-0.005183188376455608,0.002721632238885857,0.028866808398280028,-0.057847343384400826,0.05846216712812288,-0.0013678959271421903,0.07852273746423583,0.04165520066848505
0.027752066079384075,0.06722575011041407,-0.006570231033006885,-0.006570231033006579,-0.29614655963917447,-0.1077900657780133,-0.04204854850076051,-0.007671854057453201,0.023456727951532988,0.0,0.0,0.0,0.0,-0.03629356285060133,0.1625784574225031,-0.009028066819389974,0.01285242121829376,-0.20939887045624603,-0.00502526333163078,-0.005481365896998186,0.018084105700407277,0.028241865947234795,0.004830816181282546,-0.013807877844275979,-0.005183188376455636,0.002721632238885649,0.028866808398280014,-0.057847343384401145,0.05846216712812298,-0.0013678959271421903,-0.0959722346785105,-0.050911911928148146
0.05427733831774399,0.0489578832325851,-0.006570231033006857,-0.006570231033006635,-0.1044659385134943,-0.04239340209816858,-0.042048548500760646,0.036588842427853305,-0.01698590644766214,0.0,0.0,0.0,0.0,0.02627775639512163,-0.036904311358808506,-0.00902806681938996,0.012852421218293733,0.12834124318286083,-0.005025263331630822,-0.005481365896998214,0.01808410570040729,0.028241865947235045,0.004830816181282477,0.6765860143695196,-0.005183188376455636,0.0027216322388856767,0.028866808398280125,0.06020845944090762,-0.12423210514725996,-0.0013678959271421348,-0.09597223467851004,-0.05091191192814841
-0.0037466947036682713,0.04895788323258356,-0.006570231033006843,-0.006570231033006607,-0.00862562795065637,0.41586965633491335,0.010953823559020248,-0.007671854057453173,0.02345672795153303,0.0,0.0,0.0,0.0,0.02627775639512167,-0.03690431135880863,-0.009028066819390057,0.012852421218293775,-0.20939887045624614,-0.00502526333163078,-0.005481365896998269,0.018084105700407208,0.028241865947234754,0.004830816181282574,-0.013807877844275881,-0.005183188376455525,0.002721632238885663,0.028866808398279833,-0.05784734338440155,0.05846216712812277,-0.0013678959271421764,0.07852273746423526,0.04165520066848455
-0.005404524218565673,-0.04238145115656544,-0.006570231033006815,-0.006570231033006621,-0.008625627950655787,-0.003058121355427379,0.010953823559021969,-0.0076718540574531174,0.023456727951533057,0.0,0.0,0.0,0.0,0.026277756395121712,-0.03690431135880855,-0.009028066819390015,0.012852421218293802,-0.2093988704562461,-0.005025263331630919,-0.005481365896998325,0.018084105700407346,0.028241865947234768,0.0048308161812825184,-0.013807877844275937,-0.005183188376455691,0.0027216322388857322,-0.1635785809235863,0.06020845944090818,0.058462167128123035,-0.001367895927142218,0.07852273746423569,0.0416552006684848
-0.025298478397335816,-0.17025651930137536,-0.006570231033006746,-0.006570231033006593,-0.008625627950655565,-0.10779006577801264,0.01978755223565272,0.007081711437650393,-0.016985906447661694,0.0,0.0,0.0,0.0,0.02627775639512195,-0.0369043113588086,-0.009028066819389974,0.012852421218293678,0.12834124318286072,-0.005025263331630836,-0.0054813658969982415,0.018084105700407402,-0.0658976872102146,0.00483081618128238,-0.013807877844275965,-0.0051831883764556635,0.002721632238885774,0.028866808398280153,0.06020845944090772,-0.12423210514726048,-0.0013678959271420932,0.07852273746423608,0.041655200668485104
-0.021982819367540735,-0.02411358427873475,-0.0065702310330068014,-0.006570231033006538,-0.00862562795065537,-0.0030078868697961947,-0.04204854850076023,-0.007671854057453187,-0.016985906447661944,0.0,0.0,0.0,0.0,0.026277756395121588,-0.03690431135880852,-0.009028066819389932,0.01285242121829372,0.12834124318286055,-0.005025263331630836,-0.005481365896998061,0.018084105700407457,-0.06589768721021476,0.004830816181282546,-0.013807877844275979,-0.00518318837645565,0.002721632238885746,0.028866808398280167,0.06020845944090791,0.05846216712812273,0.13542169678707672,0.07852273746423587,0.041655200668485395
-0.0252984783973359,-0.005845717400905795,-0.006570231033006788,-0.006570231033006524,0.08721468261218394,-0.003058121355427351,0.019787552235652067,-0.007671854057453048,0.023456727951533266,0.0,0.0,0.0,0.0,-0.03629356285060173,-0.0369043113588086,-0.009028066819390099,0.012852421218293747,0.1283412431828606,-0.0050252633316308915,-0.0054813658969982,0.01808410570040725,-0.06589768721021484,0.004830816181282449,-0.013807877844275881,-0.005183188376455705,0.00272163223888576,0.028866808398279972,-0.05784734338440149,0.05846216712812255,-0.001367895927142232,0.07852273746423562,0.04165520066848466
-0.03027196694202844,-0.11545291866788489,-0.006570231033006718,-0.00657023103300651,0.08721468261218403,-0.003058121355427018,0.0462887382655436,-0.007671854057453006,-0.016985906447661597,0.0,0.0,0.0,0.0,-0.03497495000146879,-0.03690431135880874,-0.009028066819389974,0.012852421218293775,0.12834124318286083,-0.0050252633316308915,-0.0054813658969981305,0.018084105700407443,-0.06589768721021469,0.0048308161812825184,-0.013807877844275937,-0.005183188376455705,0.00272163223888576,0.02886680839827986,-0.05784734338440088,0.05846216712812281,-0.0013678959271422597,-0.09597223467850972,-0.05091191192814823
-0.007062353733463353,0.08549361698824405,-0.006570231033006885,-0.006570231033006607,0.08721468261218365,-0.1077900657780125,-0.0067136337942391155,-0.007671854057453048,0.023456727951533363,0.0,0.0,0.0,0.0,0.026277756395121435,-0.03690431135880866,-0.009028066819390015,0.012852421218293789,-0.2093988704562459,-0.005025263331630794,-0.005481365896998172,0.01808410570040747,0.0282418659472346,0.004830816181282532,-0.013807877844275881,-0.005183188376455594,0.0027216322388858155,0.028866808398279944,0.06020845944090747,-0.12423210514726017,-0.0013678959271421764,0.07852273746423545,0.04165520066848567
-0.0004310356738733562,0.04895788323258375,-0.006570231033006732,-0.006570231033006496,-0.008625627950655121,-0.10779006577801253,-0.03321481982413026,-0.0076718540574531174,0.023456727951533196,0.0,0.0,0.0,0.0,0.026277756395121754,-0.03690431135880873,-0.009028066819390015,0.012852421218293747,-0.20939887045624628,-0.005025263331630878,-0.0054813658969982415,0.01808410570040736,0.02824186594723478,0.004830816181282463,-0.01380787784427591,-0.005183188376455622,0.00272163223888576,-0.16357858092358613,0.06020845944090761,0.05846216712812276,-0.0013678959271422736,-0.09597223467850982,-0.05091191192814781
0.009515941415511597,-0.07891718491222541,-0.006570231033006829,-0.006570231033006496,-0.1044659385134955,-0.01263582121057949,-0.015547362470869394,0.03658884242785315,-0.016985906447662222,0.0,0.0,0.0,0.0,-0.03635635393865465,-0.03690431135880862,-0.009028066819390099,0.012852421218293775,-0.2093988704562461,-0.005025263331630878,-0.0054813658969982415,0.01808410570040736,0.02824186594723492,0.0048308161812825046,-0.013807877844275951,-0.00518318837645565,0.0027216322388857322,0.028866808398280014,0.06020845944090718,-0.12423210514726053,-0.001367895927142218,-0.09597223467851054,-0.05091191192814856
-0.0020888651887707443,0.0672257501104145,-0.006570231033006788,-0.0065702310330064545,-0.20030624907633424,-0.003058121355427157,-0.04204854850076062,-0.007671854057453048,0.023456727951533182,0.0,0.0,0.0,0.0,0.026277756395121393,-0.03690431135880863,-0.009028066819390015,0.012852421218293733,-0.20939887045624556,-0.0050252633316308915,-0.005481365896998269,0.018084105700407457,0.028241865947234657,0.004830816181282532,-0.013807877844275965,-0.005183188376455622,0.00272163223888576,0.028866808398280028,0.060208459440907344,-0.12423210514726099,-0.0013678959271421487,0.07852273746423537,0.04165520066848451
-0.00043103567387338393,-0.024113584278735625,-0.006570231033006788,-0.006570231033006538,-0.008625627950656092,-0.10779006577801259,0.010953823559021622,-0.0076718540574531174,0.02345672795153325,0.0,0.0,0.0,0.0,-0.037047055907248216,-0.036904311358808714,-0.009028066819390043,0.012852421218293678,0.12834124318286022,-0.005025263331630864,-0.005481365896998047,-0.08829298665492993,0.028241865947234726,0.004830816181282463,-0.013807877844275826,-0.005183188376455594,0.002721632238885774,0.028866808398280056,-0.057847343384401353,0.05846216712812248,-0.001367895927142218,0.0785227374642354,0.04165520066848459
0.022778577534691563,0.03069001635475492,-0.006570231033006774,-0.006570231033006635,-0.008625627950655065,0.10167382306715801,0.0021200948823915794,-0.00767185405745327,0.0234567279515331,0.0,0.0,0.0,0.0,-0.03685868264308639,-0.036904311358808714,-0.00902806681939003,0.01285242121829372,0.1283412431828609,-0.005025263331630933,-0.005481365896998103,0.018084105700407416,0.02824186594723478,0.004830816181282407,-0.01380787784427591,-0.005183188376455816,-0.1333599797054018,0.02886680839828011,-0.057847343384400854,0.0584621671281233,-0.0013678959271421764,0.07852273746423581,0.04165520066848516
0.014489429960204128,-0.15198865242354492,-0.006570231033006769,-0.006570231033006547,-0.008625627950655499,-0.10779006577801284,-0.02438109114749947,0.03658884242785259,0.023456727951533102,0.015159712373628342,-0.10700922193452604,0.05540078713566806,0.05540078713566765,-0.03651333165879029,-0.03690431135880875,-0.00902806681939001,0.012852421218293901,0.12834124318286014,-0.0050252633316308125,-0.005481365896998182,0.018084105700407322,0.028241865947234705,0.004830816181282497,-0.013807877844275887,-0.005183188376455642,-0.13335997970540142,0.028866808398280264,0.060208459440907657,0.058462167128122834,0.1354216967870762,0.07852273746423521,0.04165520066848511
-0.023640648882437998,0.12202935074390427,-0.0065702310330068014,-0.006570231033006538,0.08721468261218407,-0.0030581213554274206,-0.006713633794239324,-0.007671854057453242,0.023456727951533113,0.0,0.0,0.0,0.0,0.026277756395121796,-0.03690431135880852,-0.009028066819389932,0.012852421218293747,-0.20939887045624606,-0.005025263331630919,-0.005481365896998269,0.018084105700407208,0.028241865947234657,0.004830816181282491,-0.013807877844275881,-0.005183188376455705,0.0027216322388858016,-0.16357858092358635,0.06020845944090737,0.05846216712812265,-0.001367895927142218,-0.09597223467850965,-0.050911911928148285
-0.01866716033774604,0.01242214947692484,-0.0065702310330069125,-0.006570231033006524,0.08721468261218393,-0.10779006577801259,0.01978755223565208,-0.007671854057453242,0.023456727951533085,0.0,0.0,0.0,0.0,0.02627775639512167,-0.03690431135880866,-0.00902806681939003,0.01285242121829372,-0.2093988704562459,-0.005025263331630836,-0.0054813658969982,0.018084105700407277,0.028241865947234976,0.004830816181282435,-0.013807877844275923,-0.005183188376455594,0.00272163223888576,0.028866808398279903,0.0602084594409075,-0.12423210514726057,-0.0013678959271421487,0.07852273746423534,0.04165520066848488
-0.03027196694202812,-0.15198865242354537,-0.006570231033006843,-0.006570231033006496,-0.00862562795065569,0.20640576748974282,-0.042048548500761326,-0.00767185405745309,0.023456727951533224,0.0,0.0,0.0,0.0,-0.03497495000146898,-0.0369043113588088,-0.009028066819390071,0.012852421218293747,0.12834124318286044,-0.005025263331630864,-0.005481365896998297,0.018084105700407443,-0.06589768721021466,0.0048308161812825046,-0.013807877844275854,-0.005183188376455636,0.002721632238885746,-0.16357858092358635,0.06020845944090755,0.05846216712812269,-0.0013678959271421487,-0.09597223467850989,-0.05091191192814826
0.03272555462407639,-0.17025651930137525,-0.006570231033006774,-0.006570231033006649,-0.2961465596391738,-0.024296595694908926,-0.024381091147499853,-0.0076718540574531036,0.02345672795153307,0.0,0.0,0.0,0.0,-0.03616798067449317,0.06283706598999188,-0.00902806681939003,0.012852421218293747,0.12834124318286058,-0.005025263331630989,-0.0054813658969981305,0.0180841057004075,0.028241865947234768,0.0048308161812825046,-0.013807877844275951,-0.005183188376455566,-0.13335997970540067,0.028866808398279986,0.060208459440907275,-0.12423210514726069,-0.0013678959271422042,-0.0959722346785101,-0.0509119119281477
0.016147259475101594,-0.09718505179005578,-0.006570231033006788,-0.006570231033006552,-0.008625627950655385,-0.016505633966898484,-0.03321481982413023,-0.0076718540574532285,0.023456727951533238,0.0,0.0,0.0,0.0,-0.036638913834897605,-0.0369043113588087,-0.009028066819390071,0.012852421218293789,-0.20939887045624592,-0.00502526333163085,-0.005481365896998214,0.018084105700407305,0.028241865947234837,0.004830816181282532,-0.013807877844275881,-0.005183188376455636,0.0027216322388856767,0.028866808398279917,0.0602084594409075,-0.12423210514726031,-0.0013678959271421903,-0.09597223467851032,-0.0509119119281483
-0.033587625971823146,0.06722575011041537,-0.006570231033006774,-0.006570231033006441,0.1830549931750236,-0.0030581213554272124,-0.04204854850076044,-0.007671854057453242,0.023456727951533363,0.0,0.0,0.0,0.0,0.02627775639512206,-0.036904311358808534,-0.009028066819389932,0.012852421218293705,0.1283412431828608,-0.005025263331630989,-0.005481365896998255,0.01808410570040736,-0.06589768721021504,0.004830816181282532,-0.013807877844275937,-0.005183188376455636,0.002721632238885746,0.02886680839827986,-0.05784734338440099,0.05846216712812281,-0.0013678959271422042,0.07852273746423596,0.04165520066848524
-0.03358762597182302,0.030690016354754046,-0.006570231033006788,-0.006570231033006579,0.08721468261218357,-0.003058121355427379,-0.04204854850076087,-0.007671854057453159,0.023456727951533002,0.0,0.0,0.0,0.0,0.02627775639512131,-0.036904311358808575,-0.009028066819390043,0.012852421218293789,0.12834124318285986,-0.005025263331630836,-0.0054813658969982,0.01808410570040732,-0.06589768721021455,0.004830816181282435,-0.013807877844276006,-0.005183188376455622,0.002721632238885663,0.02886680839828007,-0.05784734338440119,0.058462167128122744,-0.001367895927142218,-0.0959722346785102,-0.050911911928147924
-0.030271966942028272,-0.1519886524235454,-0.006570231033006829,-0.006570231033006607,-0.008625627950655523,-0.0030581213554274483,0.010953823559021747,-0.007671854057453201,0.023456727951533154,0.0,0.0,0.0,0.0,-0.034943554457441836,0.06283706598999114,-0.009028066819390099,0.012852421218293775,0.1283412431828606,-0.005025263331630878,-0.0054813658969982415,0.018084105700407402,-0.06589768721021468,0.004830816181282546,-0.013807877844275895,-0.0051831883764556635,0.002721632238885774,-0.1635785809235862,0.06020845944090736,0.0584621671281228,-0.0013678959271421348,-0.09597223467851028,-0.050911911928148465
-0.010378012763258365,0.08549361698824333,-0.006570231033006829,-0.006570231033006441,0.0872146826121834,0.10167382306715782,0.046288738265542875,-0.007671854057453187,-0.01698590644766229,0.0,0.0,0.0,0.0,0.026277756395121574,-0.03690431135880862,-0.009028066819390043,0.012852421218293747,0.1283412431828606,-0.005025263331630919,-0.005481365896998255,-0.0882929866549299,0.028241865947234615,0.004830816181282532,-0.013807877844275965,-0.005183188376455677,0.0027216322388858155,-0.16357858092358685,0.0602084594409073,0.058462167128122716,-0.0013678959271421764,-0.09597223467851018,-0.050911911928148396
0.034383384138973974,-0.0971850517900549,-0.006570231033006746,-0.0065702310330064545,-0.10446593851349514,-0.025019160955496902,0.019787552235652192,-0.007671854057453298,0.023456727951533224,0.0,0.0,0.0,0.0,-0.03692147373114023,0.16257845742250254,-0.009028066819390043,0.012852421218293733,0.1283412431828605,-0.0050252633316308915,-0.005481365896998172,-0.08829298665492936,0.02824186594723474,0.004830816181282463,-0.013807877844275895,-0.005183188376455636,0.002721632238885774,0.028866808398280097,0.06020845944090743,-0.12423210514726006,-0.0013678959271421487,0.07852273746423549,0.04165520066848513
0.022778577534691813,0.08549361698824358,-0.006570231033006774,-0.006570231033006482,-0.00862562795065576,-0.020204543584556395,0.01978755223565201,-0.00767185405745309,0.02345672795153321,0.0,0.0,0.0,0.0,-0.037172638083356024,-0.03690431135880859,-0.009028066819389904,0.012852421218293789,-0.2093988704562461,-0.005025263331630864,-0.005481365896998144,0.018084105700407277,0.028241865947234837,0.0048308161812825046,-0.013807877844275937,-0.0051831883764555525,0.0027216322388857045,0.028866808398279986,0.06020845944090655,-0.12423210514726087,-0.0013678959271423013,0.07852273746423526,0.04165520066848509
-0.01369367179305328,0.06722575011041429,-0.006570231033006774,-0.006570231033006427,-0.00862562795065562,-0.0030581213554271847,-0.015547362470869588,-0.007671854057453215,0.02345672795153332,0.0,0.0,0.0,0.0,0.02627775639512135,-0.036904311358808436,-0.009028066819390002,0.01285242121829383,-0.20939887045624597,-0.005025263331630947,-0.005481365896998255,0.018084105700407457,0.02824186594723485,0.004830816181282407,-0.013807877844275881,-0.005183188376455636,0.0027216322388858155,0.02886680839828007,-0.05784734338440077,0.058462167128122466,-0.001367895927142121,-0.09597223467851032,-0.05091191192814777
0.026094236564486922,-0.04238145115656568,-0.0065702310330068014,-0.006570231033006524,-0.008625627950655315,-0.02645485416928231,0.01978755223565229,0.03658884242785328,-0.057428540846856724,0.0,0.0,0.0,0.0,0.02627775639512163,-0.03690431135880866,-0.009028066819389974,0.012852421218293747,-0.20939887045624567,-0.005025263331630919,-0.0054813658969981305,0.018084105700407402,0.02824186594723492,0.004830816181282477,-0.013807877844275923,-0.00518318837645558,0.0027216322388857878,0.02886680839828007,0.06020845944090747,-0.1242321051472601,-0.001367895927142121,-0.09597223467850932,-0.05091191192814809
-0.002088865188770897,0.04895788323258417,-0.006570231033006871,-0.006570231033006607,-0.008625627950655523,-0.0030581213554274483,0.028621280912282554,-0.00767185405745309,0.023456727951533474,0.0,0.0,0.0,0.0,0.026277756395121504,-0.03690431135880842,-0.00902806681939014,0.012852421218293733,-0.20939887045624622,-0.005025263331630822,-0.0054813658969981305,0.018084105700407346,0.028241865947234768,0.004830816181282407,-0.013807877844275993,-0.005183188376455691,0.0027216322388858016,0.02886680839827996,0.06020845944090729,0.05846216712812265,0.13542169678707688,0.0785227374642353,0.04165520066848542
0.026094236564486492,0.06722575011041415,-0.006570231033006815,-0.006570231033006593,0.08721468261218361,-0.003058121355427962,0.0021200948823908577,-0.007671854057453215,0.02345672795153296,0.0,0.0,0.0,0.0,-0.03679589155503281,-0.03690431135880845,-0.009028066819390015,0.012852421218293789,-0.20939887045624578,-0.005025263331630836,-0.005481365896998186,0.018084105700407554,0.028241865947234573,0.004830816181282449,-0.01380787784427584,-0.005183188376455636,0.0027216322388858155,0.02886680839827993,-0.05784734338440155,0.05846216712812263,-0.001367895927142218,0.07852273746423494,0.04165520066848459
-0.030271966942028272,0.012422149476924244,-0.006570231033006732,-0.0065702310330065655,-0.2003062490763346,-0.10779006577801271,0.028621280912282943,0.036588842427853485,-0.13831380964524703,0.0,0.0,0.0,0.0,-0.03494355445744214,-0.03690431135880859,-0.009028066819390015,0.012852421218293802,0.12834124318286047,-0.005025263331630947,-0.005481365896998103,0.018084105700407443,-0.0658976872102147,0.0048308161812825184,-0.01380787784427584,-0.005183188376455622,0.002721632238885774,0.028866808398279917,-0.05784734338440098,0.058462167128122716,-0.0013678959271421487,-0.09597223467851015,-0.05091191192814816
-0.013693671793053155,0.06722575011041393,-0.006570231033006774,-0.006570231033006552,-0.00862562795065544,-0.00305812135542724,-0.015547362470869283,-0.007671854057453006,0.023456727951532946,0.0,0.0,0.0,0.0,0.026277756395121532,-0.03690431135880852,-0.009028066819389974,0.012852421218293747,-0.20939887045624606,-0.005025263331630919,-0.005481365896998269,0.01808410570040765,0.028241865947234837,0.004830816181282532,-0.01380787784427591,-0.005183188376455622,0.002721632238885774,0.028866808398279792,-0.05784734338440105,0.05846216712812266,-0.0013678959271421764,-0.0959722346785098,-0.05091191192814802
-0.013693671793053253,0.08549361698824383,-0.006570231033006732,-0.006570231033006593,-0.20030624907633435,-0.0030581213554274067,-0.015547362470869394,-0.0076718540574531174,-0.05742854084685742,0.0,0.0,0.0,0.0,-0.03654472720281714,-0.036904311358808534,-0.009028066819389988,0.01285242121829376,-0.20939887045624642,-0.005025263331630905,-0.005481365896998158,0.01808410570040732,0.028241865947234865,0.004830816181282491,-0.01380787784427591,-0.005183188376455622,0.0027216322388856767,0.028866808398279986,-0.05784734338440099,0.05846216712812265,-0.0013678959271422042,-0.09597223467850988,-0.05091191192814802
0.002884623355921545,0.08549361698824451,-0.006570231033006774,-0.006570231033006579,-0.00862562795065569,-0.10779006577801253,-0.01554736247086963,-0.007671854057453215,-0.016985906447662194,0.0,0.0,0.0,0.0,-0.035571465337981,-0.03690431135880849,-0.00902806681939003,0.012852421218293775,-0.20939887045624606,-0.0050252633316308915,-0.005481365896998144,0.01808410570040729,0.028241865947234712,0.004830816181282588,-0.013807877844275951,-0.00518318837645565,0.0027216322388858294,0.02886680839828,-0.05784734338440094,0.05846216712812281,-0.0013678959271421487,-0.09597223467850984,-0.05091191192814783
-0.0037466947036682713,-0.02411358427873543,-0.006570231033006829,-0.006570231033006538,-0.008625627950655496,-0.1077900657780126,0.01095382355902258,-0.007671854057453187,0.02345672795153314,0.0,0.0,0.0,0.0,-0.035477278705900034,-0.03690431135880856,-0.00902806681939003,0.012852421218293927,0.12834124318286044,-0.005025263331630933,-0.005481365896998144,-0.0882929866549299,0.028241865947234754,0.004830816181282532,-0.013807877844275743,-0.005183188376455622,0.0027216322388857045,-0.16357858092358651,0.060208459440907316,0.058462167128123424,-0.001367895927142121,0.07852273746423565,0.04165520066848502
-0.013693671793053336,-0.20679225305703536,0.21243747006722002,0.2124374700672121,-0.008625627950655537,-0.0030581213554274483,0.01978755223565186,0.03658884242785322,-0.016985906447662236,0.0,0.0,0.0,0.0,0.02627775639512188,-0.0369043113588086,0.29190749382694314,-0.4155616193914985,0.1283412431828607,-0.005025263331630975,-0.005481365896998255,0.018084105700407277,-0.06589768721021465,0.004830816181282435,-0.013807877844276006,-0.005183188376455608,0.00272163223888576,-0.16357858092358696,0.060208459440906775,0.0584621671281224,-0.001367895927142218,0.07852273746423565,0.041655200668484785
-0.0020888651887708,0.012422149476924396,-0.006570231033006788,-0.006570231033006538,-0.29614655963917413,-0.0030581213554274067,-0.015547362470869838,-0.007671854057453145,0.023456727951532752,0.0,0.0,0.0,0.0,0.026277756395121213,-0.036904311358808686,-0.009028066819390002,0.012852421218293816,0.1283412431828606,-0.005025263331630933,0.17723083066960882,0.01808410570040722,0.028241865947234893,0.004830816181282491,-0.013807877844275993,-0.00518318837645558,0.0027216322388857322,0.02886680839827993,-0.05784734338440166,0.05846216712812255,-0.0013678959271421626,-0.09597223467851002,-0.05091191192814763
0.031067725109179156,0.0672257501104143,-0.00657023103300676,-0.0065702310330065655,-0.008625627950655676,-0.10779006577801253,-0.0067136337942388935,-0.007671854057452951,0.023456727951533404,0.0,0.0,0.0,0.0,-0.036827287099059955,-0.03690431135880855,-0.009028066819389988,0.012852421218293747,0.12834124318285972,-0.005025263331630975,-0.005481365896998283,-0.08829298665493028,0.02824186594723499,0.0048308161812825046,-0.01380787784427591,-0.005183188376455594,0.0027216322388857322,0.028866808398279944,-0.05784734338440145,0.05846216712812245,-0.0013678959271421348,0.0785227374642352,0.04165520066848473
0.04930384977305213,-0.09718505179005482,-0.00657023103300676,-0.006570231033006552,-0.20030624907633415,-0.03282570754247026,0.01978755223565236,-0.007671854057453131,0.023456727951533154,0.0,0.0,0.0,0.0,-0.03645054057073614,0.06283706598999161,-0.009028066819390057,0.012852421218293816,-0.20939887045624583,-0.005025263331630933,-0.0054813658969982415,0.01808410570040736,0.028241865947234893,0.004830816181282588,-0.013807877844275868,-0.005183188376455622,0.0027216322388858155,0.028866808398279986,-0.05784734338440109,0.058462167128122675,-0.0013678959271421487,0.07852273746423537,0.041655200668485104
0.007858111900614001,0.08549361698824383,-0.006570231033006732,-0.006570231033006649,-0.008625627950656023,0.10167382306715805,-0.006713633794239227,0.03658884242785322,-0.13831380964524753,0.0,0.0,0.0,0.0,-0.03632495839462782,-0.03690431135880855,-0.009028066819390113,0.012852421218293802,0.12834124318286041,-0.005025263331630933,-0.005481365896998269,-0.08829298665493025,0.02824186594723488,0.0048308161812825184,-0.013807877844275895,-0.005183188376455761,0.0027216322388857184,0.02886680839828004,-0.05784734338440077,0.05846216712812245,-0.0013678959271420932,0.07852273746423541,0.041655200668484924
0.014489429960204359,-0.09718505179005536,-0.006570231033006718,-0.0065702310330064545,-0.008625627950655301,-0.020746951058579377,0.010953823559021594,-0.007671854057453006,0.02345672795153314,0.0,0.0,0.0,0.0,0.02627775639512181,-0.036904311358808575,-0.009028066819389974,0.012852421218293844,-0.2093988704562461,-0.00502526333163085,-0.005481365896998269,0.01808410570040725,0.028241865947234934,0.0048308161812825046,-0.013807877844275812,-0.00518318837645558,0.0027216322388857184,0.028866808398280028,0.06020845944090744,-0.12423210514726023,-0.0013678959271421903,-0.09597223467850985,-0.05091191192814755
0.02775206607938402,0.03069001635475492,-0.006570231033006746,-0.006570231033006538,-0.008625627950655343,-0.02810748945689731,0.019787552235652206,-0.007671854057453173,0.023456727951533224,0.0,0.0,0.0,0.0,0.026277756395122018,-0.03690431135880856,-0.009028066819389918,0.012852421218293802,-0.2093988704562464,-0.005025263331630905,-0.005481365896998117,0.018084105700407346,0.028241865947235115,0.004830816181282546,-0.013807877844275923,-0.005183188376455719,0.00272163223888576,0.02886680839828007,0.06020845944090794,-0.12423210514726052,-0.0013678959271421348,-0.09597223467850982,-0.050911911928148076
0.011173770930409055,-0.06064931803439534,-0.006570231033006815,-0.006570231033006635,-0.20030624907633465,-0.10779006577801227,-0.006713633794238838,-0.007671854057453131,0.02345672795153335,0.0,0.0,0.0,0.0,0.02627775639512167,-0.03690431135880866,-0.009028066819389988,0.012852421218293747,-0.20939887045624572,-0.005025263331630933,-0.005481365896998269,0.018084105700407402,0.02824186594723467,0.004830816181282407,-0.013807877844275937,-0.005183188376455608,0.00272163223888576,0.028866808398279847,0.06020845944090744,-0.12423210514726031,-0.001367895927142218,-0.09597223467850972,-0.050911911928148215
-0.0020888651887709664,0.04895788323258446,-0.006570231033006885,-0.006570231033006538,-0.008625627950655648,-0.0030581213554276288,0.02862128091228247,-0.0076718540574529925,0.023456727951533446,0.0,0.0,0.0,0.0,0.026277756395121796,-0.036904311358808506,-0.009028066819389877,0.012852421218293747,-0.20939887045624606,-0.005025263331630864,-0.005481365896998061,0.018084105700407235,0.028241865947234823,0.004830816181282477,-0.01380787784427584,-0.005183188376455608,0.00272163223888576,0.028866808398279903,0.060208459440906734,0.05846216712812258,0.13542169678707683,0.07852273746423565,0.04165520066848499
-0.021982819367540582,0.012422149476925173,-0.00657023103300676,-0.006570231033006468,-0.2003062490763341,-0.0030581213554274483,-0.042048548500760605,0.036588842427853,-0.01698590644766193,0.0,0.0,0.0,0.0,-0.035131927721603354,-0.036904311358808714,-0.009028066819389988,0.0128524212182939,0.1283412431828603,-0.005025263331630905,-0.005481365896998311,0.01808410570040732,-0.06589768721021456,0.0048308161812825046,-0.013807877844275895,-0.005183188376455636,0.0027216322388857184,0.02886680839827982,-0.05784734338440087,0.05846216712812255,-0.0013678959271422042,-0.09597223467851014,-0.050911911928148035
0.009515941415511583,-0.024113584278735667,-0.0065702310330066765,-0.006570231033006538,-0.008625627950655648,-0.018035444605218443,0.02862128091228215,0.03658884242785361,-0.01698590644766171,0.0,0.0,0.0,0.0,0.026277756395121685,-0.03690431135880841,-0.009028066819389918,0.01285242121829376,-0.2093988704562462,-0.005025263331630822,-0.005481365896998144,0.018084105700407346,0.028241865947234435,0.004830816181282532,-0.013807877844275826,-0.005183188376455608,0.0027216322388856906,-0.16357858092358607,0.060208459440907025,0.05846216712812255,-0.0013678959271421626,-0.09597223467850974,-0.05091191192814834
0.03272555462407653,-0.1337207855457151,-0.006570231033006857,-0.0065702310330065655,-0.00862562795065544,-0.029209658373316863,0.01978755223565208,0.036588842427853444,-0.057428540846856835,0.0,0.0,0.0,0.0,0.026277756395121366,-0.036904311358808575,-0.009028066819390015,0.012852421218293816,-0.20939887045624642,-0.005025263331630905,-0.005481365896998075,0.018084105700407152,0.028241865947234823,0.0048308161812825046,-0.013807877844275923,-0.005183188376455636,0.0027216322388858155,0.02886680839827996,0.060208459440907414,-0.12423210514726012,-0.0013678959271422597,0.07852273746423558,0.0416552006684848
-0.010378012763258185,-0.06064931803439534,-0.00657023103300676,-0.006570231033006552,-0.008625627950655385,-0.003058121355427268,0.010953823559021594,-0.007671854057453242,0.02345672795153307,0.0,0.0,0.0,0.0,-0.0353516965297922,-0.03690431135880849,-0.009028066819389974,0.012852421218293816,0.12834124318286,-0.005025263331630822,-0.0054813658969982,-0.08829298665492977,0.02824186594723503,0.004830816181282574,-0.013807877844276034,-0.005183188376455691,0.0027216322388857878,0.02886680839828004,-0.0578473433844012,0.05846216712812265,-0.0013678959271422458,0.0785227374642352,0.04165520066848491
-0.043534603061207974,-0.042381451156565594,-0.00657023103300676,-0.006570231033006524,0.08721468261218365,-0.1077900657780122,-0.042048548500760466,0.021835276932751446,0.02345672795153332,0.0,0.0,0.0,0.0,0.026277756395121712,-0.0369043113588086,-0.00902806681938996,0.012852421218293733,0.12834124318286017,-0.005025263331630794,-0.005481365896998283,0.01808410570040736,-0.06589768721021456,0.0048308161812825184,-0.01380787784427591,-0.00518318837645565,0.0027216322388857878,0.028866808398279917,-0.05784734338440117,0.05846216712812266,-0.0013678959271422042,-0.0959722346785098,-0.05091191192814798
0.029409895594281546,0.04895788323258425,-0.006570231033006718,-0.006570231033006524,-0.1044659385134953,-0.023898624557857295,0.0197875522356519,-0.007671854057453215,0.02345672795153328,0.0,0.0,0.0,0.0,-0.0360737940424128,-0.03690431135880856,-0.009028066819390015,0.01285242121829376,-0.20939887045624647,-0.00502526333163085,-0.0054813658969982,0.018084105700407374,0.02824186594723478,0.004830816181282477,-0.01380787784427591,-0.0051831883764556635,0.0027216322388857878,0.028866808398279833,0.06020845944090751,-0.12423210514726078,-0.0013678959271421348,-0.09597223467851046,-0.050911911928147896
0.024436407049589118,-0.1154529186678859,-0.006570231033006968,-0.006570231033006427,-0.2003062490763345,0.10167382306715789,-0.04204854850076083,-0.007671854057453145,0.023456727951533266,0.0,0.0,0.0,0.0,-0.03597960741033081,0.1625784574225032,-0.009028066819390015,0.01285242121829372,0.12834124318285978,-0.005025263331630822,-0.005481365896998311,0.01808410570040725,0.028241865947234948,0.0048308161812825184,-0.013807877844275965,-0.00518318837645558,0.0027216322388857184,0.02886680839827986,0.06020845944090725,-0.1242321051472611,-0.0013678959271421903,0.07852273746423542,0.04165520066848463
-0.0020888651887708137,0.0672257501104144,-0.006570231033006815,-0.006570231033006607,-0.20030624907633393,-0.10779006577801253,0.010953823559021483,-0.0076718540574532285,0.023456727951533293,0.0,0.0,0.0,0.0,-0.035571465337981265,-0.03690431135880849,-0.009028066819389974,0.012852421218293705,-0.20939887045624578,-0.005025263331630919,-0.0054813658969982,0.018084105700407346,0.028241865947234948,0.0048308161812825046,-0.013807877844275965,-0.00518318837645558,0.002721632238885774,-0.16357858092358674,0.060208459440907205,0.05846216712812277,-0.0013678959271421626,0.07852273746423534,0.04165520066848484
-0.03192979645692627,0.0672257501104135,-0.006570231033006815,-0.006570231033006482,0.08721468261218367,-0.0030581213554275316,-0.0067136337942391155,-0.007671854057453215,0.023456727951532988,0.0,0.0,0.0,0.0,-0.03554006979395413,-0.03690431135880863,-0.00902806681939003,0.012852421218293775,0.12834124318285983,-0.0050252633316308915,-0.005481365896998366,0.018084105700407277,-0.06589768721021484,0.004830816181282546,-0.01380787784427584,-0.005183188376455608,0.002721632238885746,0.028866808398279736,-0.05784734338440152,0.058462167128122466,-0.001367895927142232,-0.09597223467851031,-0.05091191192814824
-0.04519243257610582,0.030690016354754796,-0.006570231033006788,-0.006570231033006552,0.08721468261218424,0.20640576748974343,-0.04204854850076074,-0.007671854057453062,0.023456727951532974,0.0,0.0,0.0,0.0,0.02627775639512188,-0.03690431135880862,-0.00902806681938996,0.01285242121829372,0.1283412431828604,-0.005025263331630947,-0.005481365896998186,0.01808410570040761,-0.06589768721021483,0.0048308161812825046,-0.013807877844275784,-0.005183188376455608,0.0027216322388858294,0.02886680839827986,-0.057847343384401034,0.058462167128122786,-0.0013678959271422736,-0.09597223467850886,-0.050911911928147785
0.04267253171346164,0.06722575011041405,-0.006570231033006829,-0.006570231033006538,-0.10446593851349553,-0.030838127168760998,-0.04204854850076081,-0.007671854057453131,0.0234567279515331,0.0,0.0,0.0,0.0,-0.036952869275166916,0.26231982565831247,-0.009028066819389988,0.012852421218293789,-0.20939887045624586,-0.005025263331630836,-0.005481365896998269,0.018084105700407346,0.02824186594723492,0.004830816181282463,-0.013807877844275965,-0.0051831883764556635,0.002721632238885746,0.028866808398279944,-0.05784734338440162,0.05846216712812276,-0.0013678959271422736,0.0785227374642351,0.041655200668485035
0.019462918504896454,-0.0058457174009057394,-0.006570231033006829,-0.006570231033006552,-0.008625627950655496,-0.022828098442111006,0.019787552235652553,0.03658884242785325,-0.17875644404444194,0.0,0.0,0.0,0.0,0.02627775639512181,-0.03690431135880859,-0.009028066819390015,0.012852421218293733,0.12834124318286083,-0.005025263331630808,-0.005481365896998214,0.01808410570040754,0.028241865947234754,0.004830816181282574,-0.013807877844275937,0.16758975750539956,0.0027216322388857322,0.02886680839828007,0.06020845944090765,-0.12423210514726024,-0.0013678959271421903,-0.09597223467851015,-0.05091191192814787
0.04764602025815408,-0.11545291866788573,0.21243747006721972,0.21243747006721136,-0.1044659385134955,-0.03842540599317737,-0.042048548500760966,-0.0076718540574532285,0.023456727951533016,0.0,0.0,0.0,0.0,0.02627775639512135,-0.03690431135880874,0.2919074938269426,-0.41556161939149916,0.12834124318286044,-0.0050252633316308915,-0.005481365896998269,0.018084105700407374,0.02824186594723492,0.00483081618128256,0.6765860143695202,-0.0051831883764554415,0.002721632238885746,0.028866808398279833,0.06020845944090743,-0.124232105147261,-0.0013678959271422458,-0.0959722346785102,-0.05091191192814816
0.034383384138974155,0.06722575011041454,-0.006570231033006815,-0.006570231033006468,-0.10446593851349498,-0.0030581213554276288,-0.015547362470869644,-0.0076718540574531174,0.02345672795153307,0.0,0.0,0.0,0.0,0.02627775639512167,-0.036904311358808575,-0.009028066819390057,0.012852421218293941,0.12834124318286033,-0.005025263331630919,-0.0054813658969982415,-0.08829298665492992,0.02824186594723463,0.004830816181282532,-0.013807877844275951,-0.005183188376455705,0.002721632238885746,0.02886680839827993,0.060208459440907205,-0.12423210514726116,-0.0013678959271421487,0.07852273746423542,0.041655200668484785
0.007858111900614112,-0.13372078554571465,-0.006570231033006788,-0.006570231033006468,-0.2961465596391727,-0.10779006577801259,-0.04204854850076066,-0.007671854057453215,0.02345672795153332,0.0,0.0,0.0,0.0,0.026277756395121837,-0.03690431135880852,-0.009028066819390002,0.012852421218293789,0.1283412431828606,-0.005025263331630864,-0.005481365896998117,0.018084105700407346,-0.06589768721021487,0.0048308161812825046,-0.01380787784427591,-0.0051831883764556635,0.0027216322388857322,0.02886680839828007,-0.05784734338440102,0.05846216712812298,-0.0013678959271422042,0.07852273746423578,0.04165520066848512
0.002884623355921434,-0.060649318034394925,-0.006570231033006774,-0.0065702310330065655,-0.20030624907633404,-0.015365346094826579,-0.01554736247086938,-0.007671854057453034,0.023456727951533363,0.0,0.0,0.0,0.0,0.026277756395121754,-0.036904311358808575,-0.009028066819389946,0.012852421218293789,0.1283412431828605,-0.0050252633316308915,-0.0054813658969982415,-0.08829298665492995,0.02824186594723499,0.00483081618128256,-0.013807877844275993,-0.005183188376455594,0.0027216322388857184,0.028866808398280083,0.06020845944090719,-0.12423210514726023,-0.0013678959271422042,-0.0959722346785097,-0.050911911928147965
0.02775206607938427,-0.005845717400905087,-0.006570231033006815,-0.006570231033006593,-0.10446593851349487,-0.021713230768167127,0.010953823559021733,0.03658884242785328,-0.01698590644766164,0.0,0.0,0.0,0.0,-0.03607379404241216,0.2623198256583132,-0.009028066819390015,0.012852421218293691,-0.20939887045624578,-0.0050252633316310025,-0.005481365896998075,0.01808410570040743,0.028241865947234948,0.004830816181282491,-0.013807877844275979,-0.005183188376455594,0.0027216322388857322,0.028866808398279778,-0.05784734338440117,0.05846216712812308,-0.0013678959271421903,-0.09597223467850917,-0.05091191192814795
-0.01866716033774571,-0.1337207855457152,-0.006570231033006899,-0.006570231033006552,-0.20030624907633482,-0.004260656783478228,-0.04204854850076063,-0.007671854057453062,0.023456727951533057,0.0,0.0,0.0,0.0,0.02627775639512174,-0.03690431135880873,-0.009028066819390002,0.012852421218293816,0.12834124318286072,-0.005025263331630933,-0.005481365896998186,0.01808410570040736,0.028241865947234754,0.004830816181282435,-0.013807877844275937,0.16758975750539934,0.00272163223888576,-0.16357858092358618,0.06020845944090755,0.05846216712812288,-0.0013678959271422597,-0.09597223467850989,-0.050911911928148035
-0.010378012763258199,-0.06064931803439556,-0.006570231033006718,-0.0065702310330066765,-0.008625627950655176,-0.003058121355427379,0.010953823559022025,-0.0076718540574532285,0.02345672795153325,0.0,0.0,0.0,0.0,-0.0353516965297921,-0.036904311358808506,-0.009028066819390043,0.012852421218293816,0.12834124318286028,-0.005025263331630808,-0.005481365896998269,-0.08829298665493042,0.02824186594723488,0.004830816181282491,-0.013807877844275895,-0.005183188376455719,0.0027216322388858155,0.02886680839828014,-0.05784734338440113,0.058462167128122675,-0.0013678959271422458,0.07852273746423533,0.04165520066848469
0.05427733831774405,0.04895788323258428,-0.006570231033006899,-0.006570231033006468,-0.10446593851349469,-0.042393402098168914,-0.042048548500759564,0.0365888424278539,-0.016985906447662097,0.0,0.0,0.0,0.0,0.026277756395121907,-0.03690431135880862,-0.009028066819389904,0.01285242121829383,0.12834124318286078,-0.0050252633316307666,-0.005481365896998172,0.01808410570040725,0.028241865947234795,0.004830816181282574,0.67658601436952,-0.0051831883764556635,0.0027216322388858294,0.028866808398279764,0.06020845944090751,-0.1242321051472601,-0.001367895927142218,-0.09597223467851025,-0.05091191192814845
0.042672531713461484,-0.06064931803439558,-0.006570231033006788,-0.006570231033006399,0.0872146826121838,-0.028819532787723923,0.046288738265542195,-0.007671854057453145,0.023456727951533182,0.0,0.0,0.0,0.0,-0.03692147373114041,0.06283706598999023,-0.009028066819389918,0.012852421218293816,0.12834124318286044,-0.005025263331630905,-0.005481365896998047,0.01808410570040729,0.028241865947235115,0.004830816181282588,0.6765860143695202,-0.005183188376455677,0.0027216322388857184,0.02886680839828004,0.060208459440907094,-0.12423210514726087,-0.0013678959271420932,-0.09597223467851014,-0.05091191192814802
-0.005404524218565673,0.06722575011041435,-0.006570231033006829,-0.006570231033006635,-0.008625627950655232,0.4158696563349126,0.010953823559021594,-0.00767185405745309,-0.016985906447661972,0.0,0.0,0.0,0.0,-0.03544588316187337,-0.036904311358808506,-0.009028066819390126,0.012852421218293705,0.12834124318286058,-0.005025263331630864,-0.005481365896998297,0.018084105700407332,0.028241865947234934,-0.15619638986146736,-0.013807877844275881,-0.00518318837645565,0.0027216322388858155,0.02886680839828004,-0.05784734338440117,0.0584621671281228,-0.0013678959271421903,-0.09597223467851021,-0.05091191192814802
0.04433036122835919,0.030690016354754004,-0.0065702310330068014,-0.006570231033006413,-0.008625627950655732,-0.031160671414999744,0.028621280912282096,-0.0076718540574531174,0.02345672795153307,0.0,0.0,0.0,0.0,-0.03645054057073571,-0.036904311358808506,-0.00902806681938996,0.01285242121829383,-0.20939887045624617,-0.00502526333163085,-0.005481365896998186,0.01808410570040725,0.02824186594723474,0.0048308161812823935,-0.013807877844275965,-0.005183188376455608,0.002721632238885746,0.02886680839828011,0.06020845944090766,-0.12423210514726082,-0.0013678959271421903,0.07852273746423515,0.041655200668484646
-0.015351501307950752,0.06722575011041584,-0.006570231033006788,-0.006570231033006538,0.08721468261218412,-0.006859610823523876,-0.04204854850076016,-0.007671854057452923,0.023456727951533238,0.0,0.0,0.0,0.0,0.02627775639512174,-0.03690431135880855,-0.00902806681939003,0.012852421218293678,0.12834124318286075,-0.005025263331630947,-0.005481365896998283,0.018084105700407832,-0.06589768721021469,0.004830816181282532,-0.013807877844275881,-0.005183188376455497,0.002721632238885746,0.028866808398280153,0.06020845944090819,0.05846216712812356,0.135421696787077,0.07852273746423563,0.04165520066848477
-0.008720183248360783,-0.15198865242354564,0.2124374700672201,0.2124374700672117,-0.00862562795065562,-0.009395595881439123,-0.04204854850076116,-0.007671854057453215,0.02345672795153303,0.0,0.0,0.0,0.0,0.026277756395121712,-0.03690431135880867,0.29190749382694303,-0.4155616193914982,0.12834124318286072,-0.005025263331630822,-0.005481365896998228,0.018084105700407235,-0.06589768721021516,0.004830816181282449,-0.013807877844275881,-0.00518318837645565,0.00272163223888576,0.028866808398279986,0.060208459440907136,-0.12423210514726127,-0.0013678959271421764,-0.09597223467850978,-0.050911911928148215
-0.020324989852643416,-0.005845717400905032,0.21243747006722072,0.2124374700672125,-0.20030624907633404,-0.0030581213554271014,-0.04204854850076056,-0.007671854057452895,0.023456727951533043,0.0,0.0,0.0,0.0,0.026277756395121823,-0.03690431135880873,0.29190749382694314,-0.4155616193914987,0.12834124318286094,-0.00502526333163085,-0.005481365896998214,0.018084105700407527,-0.06589768721021472,0.004830816181282463,-0.013807877844275868,-0.0051831883764556635,0.002721632238885774,0.028866808398280167,-0.05784734338440105,0.05846216712812337,-0.0013678959271422458,0.07852273746423527,0.04165520066848527
0.03272555462407632,0.04895788323258417,-0.006570231033006899,-0.006570231033006468,-0.00862562795065551,-0.003058121355427809,-0.04204854850076084,-0.0076718540574531174,0.023456727951531933,0.0,0.0,0.0,0.0,0.02627775639512145,-0.036904311358808506,-0.009028066819389932,0.012852421218293664,0.12834124318286,-0.0050252633316308915,-0.0054813658969982415,0.018084105700407166,0.028241865947234907,0.0048308161812825184,-0.01380787784427602,0.16758975750539756,0.0027216322388858016,0.028866808398280014,-0.05784734338440119,0.05846216712812283,-0.0013678959271421764,0.07852273746423494,0.04165520066848438
0.019462918504896523,0.08549361698824424,-0.006570231033006718,-0.0065702310330065655,0.0872146826121841,-0.003058121355427157,0.04628873826554347,-0.007671854057453131,0.023456727951533266,0.0,0.0,0.0,0.0,-0.03685868264308563,-0.036904311358808506,-0.009028066819390071,0.01285242121829376,-0.2093988704562459,-0.005025263331630933,-0.005481365896998297,0.018084105700407083,0.02824186594723517,0.004830816181282532,-0.013807877844275951,-0.00518318837645558,0.002721632238885746,0.028866808398279653,-0.05784734338440109,0.05846216712812284,-0.001367895927142218,-0.09597223467850952,-0.05091191192814787
-0.0269563079122334,-0.07891718491222544,-0.006570231033006829,-0.006570231033006524,0.08721468261218404,-0.10779006577801241,-0.042048548500761146,-0.007671854057453062,0.02345672795153307,0.0,0.0,0.0,0.0,0.026277756395121574,-0.03690431135880845,-0.009028066819389946,0.012852421218293733,0.12834124318286033,-0.0050252633316307666,-0.005481365896998366,0.018084105700407443,-0.06589768721021463,0.004830816181282477,-0.013807877844275923,-0.005183188376455733,0.002721632238885746,0.02886680839827996,-0.057847343384401256,0.058462167128122716,-0.0013678959271422042,-0.09597223467850986,-0.0509119119281478
